id,title,model,scale,size,uiScale,width,height,head,body,right,left,pendent
*uint,,uint,float,float,float,float,float,uint,uint,uint,uint,uint
#ID,名称,模型编号,模型缩放,模型尺寸,UI缩放,模型宽度,模型高度,替换头部,替换身体,右手武器,左手武器,挂件
1,圣骑,100000,1,1,0.4,,,,,10090,,
2,魔剑,200000,1,1,0.4,,,,,11090,11090,
4,狂战,300000,1,1,0.4,,,,,12090,,
5,圣骑创建角色形象,100000,1,1,0.4,,,,100301,10080,,
6,魔剑创建角色形象,200000,1,1,0.4,,,,200301,11080,11080,
8,狂战创建角色形象,300000,1,1,0.4,,,,300301,12080,,
101,法力女神,51300,1,1,0.4,,,,,1150,,
102,强盗1,50700,1,1,0.4,,,,,12090,,
103,巫师,50600,0.9,1,0.4,,,,,1150,,
104,狼人,50800,0.7,1,0.4,,,,,,,
105,小龙龙,52800,1,3,0.4,,,,,,,
109,主城副官1,30000,1,1,0.4,,,,,,,
110,主城副官2,30100,1,1,0.4,,,,,,,
111,主城副官3,30200,1,1,0.4,,,,,,,
112,主城副官4,30300,1,1,0.4,,,,,,,
113,主城副官5,30400,1,1,0.4,,,,,,,
200,小恶魔形象,32100,1,1,0.4,,,,,,,
201,南瓜怪形象,32200,0.8,1,0.4,,,,,,,
1000,乌龟,800000,1,1,0.4,,,,,,,
1002,山羊,800200,1,1,0.4,,,,,,,
1003,狼,800300,1,1,0.4,,,,,,,
1004,狮子,800400,1,1,0.4,,,,,,,
1005,独角兽,800500,1,1,0.4,,,,,,,
1006,山羊,800200,1,1,0.4,,,,800601,,,
1007,狼,800300,1,1,0.4,,,,800701,,,
1008,狮子,800400,1,1,0.4,,,,800411,,,
1009,独角兽,800500,1,1,0.4,,,,800901,,,
1010,鹰龙,800600,1,1,0.4,,,,,,,
1011,狮鹫,800700,1,1,0.4,,,,,,,
1012,始祖龙,800800,1,1,0.4,,,,,,,
1013,凤凰,800900,1,1,0.4,,,,,,,
5000001,雅典娜,51700,1,1,0.4,,,,,1430,1420,
5000002,魔龙,52800,1,3,0.4,,,,,,,
5000003,雅典娜,51700,1,1,0.4,,,,,1430,1420,
5000005,阿卡玛斯,200,1,1,0.4,,,,,1150,,
5000006,阿斯特瑞亚,52100,1,1,0.46,,,,,1480,,
5000007,夜之女神,52600,,,,,,,,1480,,
5000013,boss小龙龙,52800,1,3,0.4,,,,,,,
1501001,夜之使徒,51100,1,1,0.4,,,,,1000,,
1501002,路西法,52900,1.3,0.769,0.4,,,,,,,
1501003,魔龙,52800,1,3,0.4,,,,,,,
6000,副官,50000,1,1,0.4,,,,,1000,,
7001,守墓使者,50000,1,1,0.4,,,,,1000,,
7002,亡灵使者,50000,1,1,0.4,,,,,1000,,
7003,灵魂之箭,50100,1,1,0.37,,,,,,1100,
7004,毁灭之箭,50100,1,1,0.37,,,,,,1100,
7005,穿魂之箭,50100,1,1,0.37,,,,,,1100,
7006,冥界法师,50200,1,1,0.37,,,,,1150,,
7007,诅咒法师,50200,1,1,0.37,,,,,1150,,
7008,黑暗使者,50000,1,1,0.4,,,,,1000,,
7009,地狱使者,50000,1,1,0.4,,,,,1000,,
7010,锐利之剑,52400,1.1,0.9,0.4,,,,,1000,,
7011,愤怒之剑,52400,1.1,0.9,0.4,,,,,1000,,
7012,深渊之剑,52400,1.1,0.9,0.4,,,,,1000,,
7013,黎明之枪,52500,1,1,0.4,,,,,1050,,
7014,嗜血之枪,52500,1,1,0.4,,,,,1050,,
7015,毁灭骑士,51600,1,1,0.4,,,51622,51621,1000,,
7016,破坏骑士,51600,1,1,0.4,,,51622,51621,1000,,
7017,远古骑士,51600,1,1,0.4,,,51622,51621,1000,,
7018,月夜巨魔,50500,1,1,0.3,,,,50511,,,
7019,咆哮巨魔,50500,1,1,0.3,,,,50511,,,
7020,风暴巨魔,50500,1,1,0.3,,,,50511,,,
7021,冷酷战士,51600,1,1,0.4,,,51632,51631,1000,,
7022,圣殿战士,51600,1,1,0.4,,,51632,51631,1000,,
7023,刀锋战士,51600,1,1,0.4,,,51632,51631,1000,,
7024,狂暴战士,51600,1,1,0.4,,,51632,51631,1000,,
7025,海格力士,50700,1,1,0.4,,,50712,50711,1250,,
7026,盗贼之王,50700,1,1.5,0.4,,,,,1300,,
7027,炸弹手尼克,52300,1.1,0.9,0.4,,,,,1460,,
7028,封印之狼,50800,1,1,0.4,,,,,,,
7029,复仇女神,51100,1,1,0.45,,,,,1000,,
7030,帕特洛克罗斯,51100,1.2,1,0.37,,,,51111,1010,,
7031,死神塔纳托斯,50600,1.2,1,0.35,,,,,1150,,
7032,远古之红魔,50500,1,1,0.3,,,,,,,
7033,远古之蓝魔,50500,1,1,0.3,,,,50521,,,
7034,芬里尔狼,50800,1.2,1,0.35,,,,50811,,,
7035,希腊军统领,50900,1.2,1,0.4,,,,,1200,,
7036,卡喀亚,51200,1,1,0.38,,,,,,,
7037,远古之红魔,50500,1,1,0.3,,,,,,,
7038,远古之蓝魔,50500,1,1,0.3,,,,50521,,,
7039,丧尸英雄王,51800,1,1.5,0.4,,,,,1440,1450,
7040,修谱诺斯,51400,1.2,1,0.4,,,51412,51411,1070,,
7041,阿喀琉斯,51000,1.2,1,0.37,,,,,1320,1310,
7042,狄俄尼索斯,51500,1,1,0.37,,,,,1350,,
7043,阿伽门农,51600,1.2,1,0.37,,,,,1330,,
7044,曙光女神,51300,1.2,1,0.35,,,,,1400,,
7045,美狄亚,52000,1,1,0.46,,,,,1160,,
7046,堤丰,51200,1,1,0.38,,,,51211,,,
7047,海伦,51300,1.2,1,0.35,,,51312,51311,1410,,
7048,阿特拉斯,51400,1.2,1,0.4,,,,,1070,,
7049,雅典娜,51700,1,1,0.43,,,,,1430,1420,
7050,阿斯特瑞亚,52100,1,1,0.46,,,,,1480,,
7051,宙斯,52200,1.2,1,0.4,,,,,,,1490
7052,泰坦巨人,53700,1.5,1,0.3,,,,53711,,,
7053,美杜莎,53500,1.3,0.769,0.38,,,,,,,
8001,经验兽,51900,1,1,0.37,,,,,,,
8002,经验兽,51900,1,1,0.37,,,,,,,
8003,经验兽,51900,1,1,0.37,,,,,,,
8004,经验兽,51900,1,1,0.37,,,,,,,
8005,经验兽,51900,1,1,0.37,,,,,,,
100005,阿卡玛斯,200,1,1,0.4,,,,,6000,,
100006,查尔,800,1,1,0.4,,,,,1200,,
100007,斯拉,500,1,1,0.4,,,,,,,
100008,玛朵,600,1,1,0.4,,,,,,,
100009,利欧斯,300,1,1,0.4,,,,,,,
100010,莉莉娅,400,1,1,0.4,,,,,,,
100011,洛那纳,700,1,1,0.4,,,,,,,
100012,莫特,52500,1,1,0.4,,,,,1050,,
100013,希娜,600,1,1,0.4,,,,621,,,
100014,菲罗,52500,1,1,0.4,,,,,1050,,
100015,雅典娜,1000,1,1,0.4,,,,,,,
100200,阿伽门农,51600,1,1,0.4,,,,,,,
100201,菲恩,500,1,1,0.4,,,,,,,
100202,尼欧娜,500,1,1,0.4,,,,511,,,
100203,瑟琳,500,1,1,0.4,,,,521,,,
100204,卡莲,600,1,1,0.4,,,,,,,
100205,扎蕾,51100,1,1,0.4,,,,,,,
100206,涅索,600,1,1,0.4,,,,611,,,
100207,莱洛,600,1,1,0.4,,,,621,,,
100208,普尔,300,1,1,0.4,,,,,,,
100209,疯子雷诺斯,300,1,1,0.4,,,,311,,,
100210,华克罗,200,1,1,0.4,,,,211,6000,,
100211,霍海利德,52500,1,1,0.4,,,,,1050,,
100212,萨托,52500,1,1,0.4,,,,,1050,,
100213,奥德修斯,700,1,1,0.4,,,,,,,
100214,西林,51100,1,1,0.4,,,,,,,
100215,智者,200,1,1,0.4,,,,,6000,,
100216,阿喀琉斯,51000,1,1,0.4,,,,,,,
100217,雅典娜,1000,1,1,0.4,,,,,,,
100218,斯琳娜,51300,1,1,0.4,,,,,,,
100219,阿革诺尔,100,1,1,0.4,,,,,6000,,
100220,阿斯特瑞亚,300,1,1,0.4,,,,,,,
100221,尼克斯,300,1,1,0.4,,,,,,,
100301,珀尔修斯,300,1,1,0.4,,,,321,,,
100302,杰克尔,300,1,1,0.4,,,,,,,
100303,莱斯,300,1,1,0.4,,,,,,,
100304,杜修,300,1,1,0.4,,,,,,,
100305,扎特,300,1,1,0.4,,,,,,,
100306,伊翁,300,1,1,0.4,,,,,,,
100307,欧罗巴,600,1,1,0.4,,,,621,,,
100308,克瑞乌萨,600,1,1,0.4,,,,641,,,
100309,克素托斯,300,1,1,0.4,,,,321,,,
100310,吉尔,100,1,1,0.4,,,,,6000,,
100311,伊芙琳,500,1,1,0.4,,,,521,,,
100312,厄里菲斯,500,1,1,0.4,,,,,,,
100313,阿尔克迈翁,50700,1,1,0.4,,,,,,,
100314,曼托,400,1,1,0.4,,,,411,,,
100315,荷马,200,1,1,0.4,,,,211,6000,,
100316,阿德拉斯托,52500,1,1,0.4,,,,,1050,,
100317,复仇女神,51100,1,1,0.4,,,,,,,
100318,阿尔西诺埃,500,1,1,0.4,,,,521,,,
100319,卡吕尔荷,600,1,1,0.4,,,,631,,,
100320,雅典娜,1000,1,1,0.4,,,,,,,
100401,伊阿宋,300,1,1,0.4,,,,321,,,
100402,雪莱,500,1,1,0.4,,,,,,,
100403,瓦伦,300,1,1,0.4,,,,,,,
100404,帕里斯,300,1,1,0.4,,,,311,,,
100405,赫克托耳,300,1,1,0.4,,,,321,,,
100406,安德罗马克,600,1,1,0.4,,,,611,,,
100407,普里阿摩斯,100,1,1,0.4,,,,,6000,,
100408,波吕克赛娜,500,1,1,0.4,,,,521,,,
100409,埃涅阿斯,52500,1,1,0.4,,,,,1050,,
100410,布里赛伊斯,600,1,1,0.4,,,,,,,
100411,卡珊德拉,500,1,1,0.4,,,,511,,,
100412,费格斯,800,1,1,0.4,,,,,,,
100413,戴维德,700,1,1,0.4,,,,,,,
100414,格林,52500,1,1,0.4,,,,,1050,,
100415,琉玲,600,1,1,0.4,,,,621,,,
100416,欧文,300,1,1,0.4,,,,,,,
100417,阿喀琉斯,51000,1,1,0.4,,,,,,,
100420,帕里斯,300,1,1,0.4,,,,311,,,
100421,优尼,600,1,1,0.4,,,,611,,,
100422,克里斯,300,1,1,0.4,,,,,,,
100423,老巫师原版,200,1,1,0.4,,,,,6000,,
100424,老巫师偏色,200,1,1,0.4,,,,211,,,
100425,女模1,500,1,1,0.4,,,,,,,
100426,女模1b,500,1,1,0.4,,,,511,,,
100427,女模1c,500,1,1,0.4,,,,521,,,
100428,女模2,600,1,1,0.4,,,,,,,
100429,女模2b,600,1,1,0.4,,,,611,,,
100430,女模2c,600,1,1,0.4,,,,621,,,
100431,女模2d,600,1,1,0.4,,,,631,,,
100432,女模2e,600,1,1,0.4,,,,641,,,
100433,老头,100,1,1,0.4,,,,,6000,,
100434,卫兵,52500,1,1,0.4,,,,,1050,,
100435,男模1,300,1,1,0.4,,,,,,,
100436,男模1b,300,1,1,0.4,,,,311,,,
100437,男模1c,300,1,1,0.4,,,,321,,,
100438,壮汉1,50700,1,1,0.4,,,,,,,
100439,铁匠1,800,1,1,0.4,,,,,1200,,
100440,商人1,700,1,1,0.4,,,,,,,
100441,小妹妹1,400,1,1,0.4,,,,,,,
100442,小妹妹偏色,400,1,1,0.4,,,,411,,,
100443,王子,52700,1,1,0.4,,,,,1500,1510,
100444,国王,900,1,1,0.4,,,,,6010,,
100445,暗黑游侠,51100,1,1,0.4,,,,,,,
100446,暗黑游侠 灰,51100,1,1,0.4,,,,51111,1000,,
100447,将军,51400,1.5,1,0.4,,,,,1070,,
100448,哥布林剑士,52400,1.3,0.769,0.4,,,,,1000,,
100449,美狄亚,52000,1.5,0.666,0.4,,,,,1160,,
100450,镰刀死神,51500,1.5,1,0.4,,,,,1350,,
100451,远征军队长,50900,1.8,0.556,0.4,,,,,1200,,
100452,死灵骑士,51600,1,1,0.4,,,51632,51631,1000,,
1001001,狼人,50800,0.7,1,0.4,,,,,,,
1002001,哥布林剑士,52400,1.3,0.769,0.4,,,,,1000,,
1002002,狼人,50800,0.7,1,0.4,,,,,,,
1002003,哥布林剑士,52400,1.3,0.769,0.4,,,,,1000,,
1003001,哥布林剑士,52400,1.3,0.769,0.4,,,,,1000,,
1003002,变异狼人,50800,1.2,1,0.4,,,,,,,
1004001,哥布林剑士,52400,1.3,0.769,0.4,,,,,1000,,
1004002,哥布林剑士,52400,1.3,0.769,0.4,,,,,1000,,
1004003,暗黑雅典娜,51700,1.2,1,0.4,,,51712,51711,1431,1421,
1005001,邪恶英灵,51200,1,1,0.4,,,,,,,
1005002,哥布林剑士,52400,1.3,0.769,0.4,,,,,1000,,
1005003,狼人头领,50800,1.2,1,0.4,,,,,,,
1006001,哥布林剑士,52400,1.3,0.769,0.4,,,,,1000,,
1006002,狼人,50800,0.7,1,0.4,,,,,,,
1006003,邪恶巫师,50600,1.2,0.833,0.4,,,,,1150,,
1007001,哥布林剑士,52400,1.3,0.769,0.4,,,,,1000,,
1007002,狼人,50800,0.7,1,0.4,,,,,,,
1007003,邪恶巫师,50600,1.2,0.833,0.4,,,,,1150,,
1008001,狼人,50800,0.7,1,0.4,,,,,,,
1008002,哥布林剑士,52400,1.3,0.769,0.4,,,,,1000,,
1008003,邪恶巫师,50600,0.9,1,0.4,,,,,1150,,
1008004,邪恶英灵,51200,1,1,0.4,,,,,,,
1008005,芬里尔狼,50800,1.5,1,0.4,,,,50811,,,
1008006,魔化芬里尔狼,50800,1.5,1,0.4,,,,50811,,,
2001001,远征军守卫,52500,1,1,0.4,,,,,1050,,
2001002,邪恶的英灵,51200,1,1,0.4,,,,,,,
2001003,邪恶巫师,50600,1.2,0.833,0.4,,,,,1150,,
2002001,远征军守卫,52500,1,1,0.4,,,,,1050,,
2002002,邪恶的英灵,51200,1,1,0.4,,,,,,,
2002003,芬里尔狼,50800,1.2,1,0.4,,,,,,,
2003001,希腊勇者,50700,1,1,0.4,,,50712,50711,1250,,
2003002,守卫狼人,50800,0.7,1,0.4,,,,,,,
2003003,阿喀琉斯,51000,1.5,1,0.4,,,,,1320,1310,
2004001,守墓者,51100,1,1,0.4,,,,,1000,,
2004002,邪恶的英灵,51200,1,1,0.4,,,,,,,
2004003,邪恶亡灵,51200,1.5,1,0.4,,,,51211,,,
2005001,亡灵,51200,1,1,0.4,,,,,,,
2005002,死灵骑士,51600,1,1,0.4,,,51632,51631,1000,,
2005003,希腊勇者,50700,1.5,0.666,0.4,,,,,1250,,
2006001,死灵骑士,51600,1,1,0.4,,,51632,51631,1000,,
2006002,炸弹哥布林,52300,1.3,0.769,0.4,,,,,1460,,
2006003,斯琳娜公主,51300,1.5,1,0.4,,,,,1150,,
2007001,希腊勇者,50700,1,1,0.4,,,50712,50711,1250,,
2007002,邪恶巫师,50600,0.9,1,0.4,,,,,1150,,
2007003,邪恶亡灵,51200,1.5,1,0.4,,,,51211,,,
2008001,狼人,50800,0.7,1,0.4,,,,,,,
2008002,邪恶的英灵,51200,1,1,0.4,,,,,,,
2008003,狼人头领,50800,1.2,1,0.4,,,,,,,
2009001,远征军守卫,52500,1,1,0.4,,,,,1050,,
2009002,炸弹哥布林,52300,1.3,0.769,0.4,,,,,1460,,
2009003,希腊勇者,50700,1.5,0.666,0.4,,,,,1250,,
2010001,哥布林,52400,1.3,0.769,0.4,,,,,11090,,
2010002,邪恶巫师,50600,0.9,1,0.4,,,,,1150,,
2010003,邪恶亡灵,51200,1.5,1,0.4,,,,51211,,,
2011001,哥布林,52400,1.3,0.769,0.4,,,,,11090,,
2011002,死灵骑士,51600,1,1,0.4,,,51632,51631,1000,,
2011003,远征军队长,50900,1.8,0.556,0.4,,,,,1200,,
2012001,亡灵,51200,1,1,0.4,,,,,,,
2012002,丧尸傀儡,52500,1,1,0.4,,,,,1050,,
2012003,丧尸英雄王,51800,1,1.5,0.4,,,,,1440,1450,
2012004,丧尸英雄王,51800,1,1.5,0.4,,,,,1440,1450,
2001101,远征军守卫,52500,1,1,0.4,,,,,1050,,
2001102,邪恶的英灵,51200,1,1,0.4,,,,,,,
2001103,邪恶巫师,50600,1.2,0.833,0.4,,,,,1150,,
2002101,远征军守卫,52500,1,1,0.4,,,,,1050,,
2002102,邪恶的英灵,51200,1,1,0.4,,,,,,,
2002103,芬里尔狼,50800,1.2,1,0.4,,,,,,,
2003101,希腊勇者,50700,1,1,0.4,,,50712,50711,1250,,
2003102,守卫狼人,50800,0.7,1,0.4,,,,,,,
2003103,阿喀琉斯,51000,1.5,1,0.4,,,,,1320,1310,
2004101,守墓者,51100,1,1,0.4,,,,,1000,,
2004102,邪恶的英灵,51200,1,1,0.4,,,,,,,
2004103,邪恶亡灵,51200,1.5,1,0.4,,,,51211,,,
2005101,亡灵,51200,1,1,0.4,,,,,,,
2005102,死灵骑士,51600,1,1,0.4,,,51632,51631,1000,,
2005103,希腊勇者,50700,1.5,0.666,0.4,,,,,1250,,
2006101,死灵骑士,51600,1,1,0.4,,,51632,51631,1000,,
2006102,炸弹哥布林,52300,1.3,0.769,0.4,,,,,1460,,
2006103,斯琳娜公主,51300,1.5,1,0.4,,,,,1150,,
2007101,希腊勇者,50700,1,1,0.4,,,50712,50711,1250,,
2007102,邪恶巫师,50600,0.9,1,0.4,,,,,1150,,
2007103,邪恶亡灵,51200,1.5,1,0.4,,,,51211,,,
2008101,狼人,50800,0.7,1,0.4,,,,,,,
2008102,邪恶的英灵,51200,1,1,0.4,,,,,,,
2008103,狼人头领,50800,1.2,1,0.4,,,,,,,
2009101,远征军守卫,52500,1,1,0.4,,,,,1050,,
2009102,炸弹哥布林,52300,1.3,0.769,0.4,,,,,1460,,
2009103,希腊勇者,50700,1.5,0.666,0.4,,,,,1250,,
2010101,哥布林,52400,1.3,0.769,0.4,,,,,11090,,
2010102,邪恶巫师,50600,0.9,1,0.4,,,,,1150,,
2010103,邪恶亡灵,51200,1.5,1,0.4,,,,51211,,,
2011101,哥布林,52400,1.3,0.769,0.4,,,,,11090,,
2011102,死灵骑士,51600,1,1,0.4,,,51632,51631,1000,,
2011103,远征军队长,50900,1.8,0.556,0.4,,,,,1200,,
2012101,亡灵,51200,1,1,0.4,,,,,,,
2012102,丧尸傀儡,52500,1,1,0.4,,,,,1050,,
2012103,丧尸英雄王,51800,1,1.5,0.4,,,,,1440,1450,
2012104,丧尸英雄王,51800,1,1.5,0.4,,,,,1440,1450,
2001201,远征军守卫,52500,1,1,0.4,,,,,1050,,
2001202,邪恶的英灵,51200,1,1,0.4,,,,,,,
2001203,邪恶巫师,50600,1.2,0.833,0.4,,,,,1150,,
2002201,远征军守卫,52500,1,1,0.4,,,,,1050,,
2002202,邪恶的英灵,51200,1,1,0.4,,,,,,,
2002203,芬里尔狼,50800,1.2,1,0.4,,,,,,,
2003201,希腊勇者,50700,1,1,0.4,,,50712,50711,1250,,
2003202,守卫狼人,50800,0.7,1,0.4,,,,,,,
2003203,阿喀琉斯,51000,1.5,1,0.4,,,,,1320,1310,
2004201,守墓者,51100,1,1,0.4,,,,,1000,,
2004202,邪恶的英灵,51200,1,1,0.4,,,,,,,
2004203,邪恶亡灵,51200,1.5,1,0.4,,,,51211,,,
2005201,亡灵,51200,1,1,0.4,,,,,,,
2005202,死灵骑士,51600,1,1,0.4,,,51632,51631,1000,,
2005203,希腊勇者,50700,1.5,0.666,0.4,,,,,1250,,
2006201,死灵骑士,51600,1,1,0.4,,,51632,51631,1000,,
2006202,炸弹哥布林,52300,1.3,0.769,0.4,,,,,1460,,
2006203,斯琳娜公主,51300,1.5,1,0.4,,,,,1150,,
2007201,希腊勇者,50700,1,1,0.4,,,50712,50711,1250,,
2007202,邪恶巫师,50600,0.9,1,0.4,,,,,1150,,
2007203,邪恶亡灵,51200,1.5,1,0.4,,,,51211,,,
2008201,狼人,50800,0.7,1,0.4,,,,,,,
2008202,邪恶的英灵,51200,1,1,0.4,,,,,,,
2008203,狼人头领,50800,1.2,1,0.4,,,,,,,
2009201,远征军守卫,52500,1,1,0.4,,,,,1050,,
2009202,炸弹哥布林,52300,1.3,0.769,0.4,,,,,1460,,
2009203,希腊勇者,50700,1.5,0.666,0.4,,,,,1250,,
2010201,哥布林,52400,1.3,0.769,0.4,,,,,11090,,
2010202,邪恶巫师,50600,0.9,1,0.4,,,,,1150,,
2010203,邪恶亡灵,51200,1.5,1,0.4,,,,51211,,,
2011201,哥布林,52400,1.3,0.769,0.4,,,,,11090,,
2011202,死灵骑士,51600,1,1,0.4,,,51632,51631,1000,,
2011203,远征军队长,50900,1.8,0.556,0.4,,,,,1200,,
2012201,亡灵,51200,1,1,0.4,,,,,,,
2012202,丧尸傀儡,52500,1,1,0.4,,,,,1050,,
2012203,丧尸英雄王,51800,1,1.5,0.4,,,,,1440,1450,
2012204,丧尸英雄王,51800,1,1.5,0.4,,,,,1440,1450,
1009001,哥布林,52400,1.3,0.769,0.4,,,,,11090,,
1009002,邪恶巫师,50600,0.9,1,0.4,,,,,1150,,
1009003,邪恶亡灵,51200,1.5,1,0.4,,,,51211,,,
1010001,帝王蛛,53000,1,1,0.4,,,,,,,
1010002,亡灵,51200,1,1,0.4,,,,,,,
1010003,希腊勇者,50700,1.5,0.666,0.4,,,,,1250,,
1011001,远征军守卫,52500,1,1,0.4,,,,,1050,,
1011002,邪恶的英灵,51200,1,1,0.4,,,,,,,
1011003,帝王蛛,53000,2,1,0.4,,,,,,,
1012001,帝王蛛,53000,1,1,0.4,,,,,,,
1012002,邪恶的英灵,51200,1,1,0.4,,,,,,,
1012003,狼人头领,50800,1.2,1,0.4,,,,,,,
1013001,远征军守卫,52500,1,1,0.4,,,,,1050,,
1013002,邪恶巫师,50600,0.9,1,0.4,,,,,1150,,
1013003,丧尸傀儡,53100,1.2,1,0.4,,,,,,,
1014001,哥布林,52400,1.3,0.769,0.4,,,,,11090,,
1014002,炸弹哥布林,52300,1.3,0.769,0.4,,,,,1460,,
1014003,阿喀琉斯,51000,1.5,1,0.4,,,,,1320,1310,
1015001,哥布林剑士,52400,1.3,0.769,0.4,,,,,1000,,
1015002,狼人,50800,0.7,1,0.4,,,,,,,
1015003,邪恶巫师,50600,1.2,0.833,0.4,,,,,1150,,
1016001,远征军守卫,52500,1,1,0.4,,,,,1050,,
1016002,邪恶巫师,50600,0.9,1,0.4,,,,,1150,,
1016003,将军,51400,1.5,1,0.4,,,,,1070,,
1017001,死灵骑士,51600,1,1,0.4,,,51632,51631,1000,,
1017002,亡灵,51200,1,1,0.4,,,,,,,
1017003,蝎子,53200,1.5,0.667,0.4,,,,,,,
1018001,守墓者,51100,1,1,0.4,,,,,1000,,
1018002,邪恶巫师,50600,0.9,1,0.4,,,,,1150,,
1018003,帝王蛛,53000,2,1,0.4,,,,,,,
1019001,哥布林,52400,1.3,0.769,0.4,,,,,11090,,
1019002,帝王蛛,53000,1,1,0.4,,,,,,,
1019003,亡灵,51200,1.5,1,0.4,,,,51211,,,
1020001,希腊勇者,50700,1,1,0.4,,,50712,50711,1250,,
1020002,狼人,50800,0.7,1,0.4,,,,,,,
1020003,沙虫,53300,2,1,0.4,,,,,,,1470
1021001,狼人,50800,0.7,1,0.4,,,,,,,
1021002,亡灵,51200,1,1,0.4,,,,,,,
1021003,魔蛛,53000,2,1,0.4,,,,53011,,,
1021004,魔化的魔蛛,53000,2,1,0.4,,,,53011,,,
1009101,哥布林,52400,1.3,0.769,0.4,,,,,11090,,
1009102,邪恶巫师,50600,0.9,1,0.4,,,,,1150,,
1009103,邪恶亡灵,51200,1.5,1,0.4,,,,51211,,,
1010101,帝王蛛,53000,1,1,0.4,,,,,,,
1010102,亡灵,51200,1,1,0.4,,,,,,,
1010103,希腊勇者,50700,1.5,0.666,0.4,,,,,1250,,
1011101,远征军守卫,52500,1,1,0.4,,,,,1050,,
1011102,邪恶的英灵,51200,1,1,0.4,,,,,,,
1011103,帝王蛛,53000,2,1,0.4,,,,,,,
1012101,帝王蛛,53000,1,1,0.4,,,,,,,
1012102,邪恶的英灵,51200,1,1,0.4,,,,,,,
1012103,狼人头领,50800,1.2,1,0.4,,,,,,,
1013101,远征军守卫,52500,1,1,0.4,,,,,1050,,
1013102,邪恶巫师,50600,0.9,1,0.4,,,,,1150,,
1013103,丧尸傀儡,53100,1.2,1,0.4,,,,,,,
1014101,哥布林,52400,1.3,0.769,0.4,,,,,11090,,
1014102,炸弹哥布林,52300,1.3,0.769,0.4,,,,,1460,,
1014103,阿喀琉斯,51000,1.5,1,0.4,,,,,1320,1310,
1015101,哥布林剑士,52400,1.3,0.769,0.4,,,,,1000,,
1015102,狼人,50800,0.7,1,0.4,,,,,,,
1015103,邪恶巫师,50600,1.2,0.833,0.4,,,,,1150,,
1016101,远征军守卫,52500,1,1,0.4,,,,,1050,,
1016102,邪恶巫师,50600,0.9,1,0.4,,,,,1150,,
1016103,将军,51400,1.5,1,0.4,,,,,1070,,
1017101,死灵骑士,51600,1,1,0.4,,,51632,51631,1000,,
1017102,亡灵,51200,1,1,0.4,,,,,,,
1017103,蝎子,53200,1.5,0.667,0.4,,,,,,,
1018101,守墓者,51100,1,1,0.4,,,,,1000,,
1018102,邪恶巫师,50600,0.9,1,0.4,,,,,1150,,
1018103,帝王蛛,53000,2,1,0.4,,,,,,,
1019101,哥布林,52400,1.3,0.769,0.4,,,,,11090,,
1019102,帝王蛛,53000,1,1,0.4,,,,,,,
1019103,亡灵,51200,1.5,1,0.4,,,,51211,,,
1020101,希腊勇者,50700,1,1,0.4,,,50712,50711,1250,,
1020102,狼人,50800,0.7,1,0.4,,,,,,,
1020103,沙虫,53300,2,1,0.4,,,,,,,1470
1021101,狼人,50800,0.7,1,0.4,,,,,,,
1021102,亡灵,51200,1,1,0.4,,,,,,,
1021103,魔蛛,53000,2,1,0.4,,,,53011,,,
1021104,魔化的魔蛛,53000,2,1,0.4,,,,53011,,,
1009201,哥布林,52400,1.3,0.769,0.4,,,,,11090,,
1009202,邪恶巫师,50600,0.9,1,0.4,,,,,1150,,
1009203,邪恶亡灵,51200,1.5,1,0.4,,,,51211,,,
1010201,帝王蛛,53000,1,1,0.4,,,,,,,
1010202,亡灵,51200,1,1,0.4,,,,,,,
1010203,希腊勇者,50700,1.5,0.666,0.4,,,,,1250,,
1011201,远征军守卫,52500,1,1,0.4,,,,,1050,,
1011202,邪恶的英灵,51200,1,1,0.4,,,,,,,
1011203,帝王蛛,53000,2,1,0.4,,,,,,,
1012201,帝王蛛,53000,1,1,0.4,,,,,,,
1012202,邪恶的英灵,51200,1,1,0.4,,,,,,,
1012203,狼人头领,50800,1.2,1,0.4,,,,,,,
1013201,远征军守卫,52500,1,1,0.4,,,,,1050,,
1013202,邪恶巫师,50600,0.9,1,0.4,,,,,1150,,
1013203,丧尸傀儡,53100,1.2,1,0.4,,,,,,,
1014201,哥布林,52400,1.3,0.769,0.4,,,,,11090,,
1014202,炸弹哥布林,52300,1.3,0.769,0.4,,,,,1460,,
1014203,阿喀琉斯,51000,1.5,1,0.4,,,,,1320,1310,
1015201,哥布林剑士,52400,1.3,0.769,0.4,,,,,1000,,
1015202,狼人,50800,0.7,1,0.4,,,,,,,
1015203,邪恶巫师,50600,1.2,0.833,0.4,,,,,1150,,
1016201,远征军守卫,52500,1,1,0.4,,,,,1050,,
1016202,邪恶巫师,50600,0.9,1,0.4,,,,,1150,,
1016203,将军,51400,1.5,1,0.4,,,,,1070,,
1017201,死灵骑士,51600,1,1,0.4,,,51632,51631,1000,,
1017202,亡灵,51200,1,1,0.4,,,,,,,
1017203,蝎子,53200,1.5,0.667,0.4,,,,,,,
1018201,守墓者,51100,1,1,0.4,,,,,1000,,
1018202,邪恶巫师,50600,0.9,1,0.4,,,,,1150,,
1018203,帝王蛛,53000,2,1,0.4,,,,,,,
1019201,哥布林,52400,1.3,0.769,0.4,,,,,11090,,
1019202,帝王蛛,53000,1,1,0.4,,,,,,,
1019203,亡灵,51200,1.5,1,0.4,,,,51211,,,
1020201,希腊勇者,50700,1,1,0.4,,,50712,50711,1250,,
1020202,狼人,50800,0.7,1,0.4,,,,,,,
1020203,沙虫,53300,2,1,0.4,,,,,,,1470
1021201,狼人,50800,0.7,1,0.4,,,,,,,
1021202,亡灵,51200,1,1,0.4,,,,,,,
1021203,魔蛛,53000,2,1,0.4,,,,53011,,,
1021204,魔化的魔蛛,53000,2,1,0.4,,,,53011,,,
2013001,远征军守卫,52500,1,1,0.4,,,,,1050,,
2013002,黑巫使徒,50600,1,1,0.4,,,,,1150,,
2013003,亡灵,51200,1.5,1,0.4,,,,51211,,,
2014001,希腊勇者,50700,1,1,0.4,,,50712,50711,1250,,
2014002,黑巫使徒,50600,1,1,0.4,,,,,1150,,
2014003,帝王蛛,53000,2,1,0.4,,,,,,,
2015001,狼人,50800,0.7,1,0.4,,,,,,,
2015002,邪恶巫师,50600,0.9,1,0.4,,,,,1150,,
2015003,远征军队长,50900,1.8,0.556,0.4,,,,,1200,,
2016001,哥布林剑士,52400,1.3,0.769,0.4,,,,,1000,,
2016002,炸弹哥布林,52300,1.3,0.769,0.4,,,,,1460,,
2016003,芬里尔狼,50800,1.2,1,0.4,,,,,,,
2017001,帝王蛛,53000,1,1,0.4,,,,,,,
2017002,黑巫使徒,50600,1,1,0.4,,,,,1150,,
2017003,斯琳娜公主,51300,1.5,1,0.4,,,,,1150,,
2018001,守墓者,51100,1,1,0.4,,,,,1000,,
2018002,邪恶巫师,50600,0.9,1,0.4,,,,,1150,,
2018003,阿喀琉斯,51000,1.5,1,0.4,,,,,1320,1310,
2019001,狼人,50800,0.7,1,0.4,,,,,,,
2019002,哥布林,52400,1.3,0.769,0.4,,,,,11090,,
2019003,黑巫族长,51500,1.5,1,0.4,,,,,1150,,
2020001,守墓者,51100,1,1,0.4,,,,,1000,,
2020002,黑巫使徒,50600,1,1,0.4,,,,,1150,,
2020003,丧尸傀儡,53100,1.2,1,0.4,,,,,,,
2021001,希腊勇者,50700,1,1,0.4,,,50712,50711,1250,,
2021002,邪恶巫师,50600,0.9,1,0.4,,,,,1150,,
2021003,帕特洛克罗斯,51100,1.5,1,0.4,,,,51111,1000,,
2022001,远征军守卫,52500,1,1,0.4,,,,,1050,,
2022002,炸弹哥布林,52300,1.3,0.769,0.4,,,,,1460,,
2022003,邪恶巫师头领,50600,1.2,0.833,0.4,,,,,1150,,
2023001,远征军守卫,52500,1,1,0.4,,,,,1050,,
2023002,邪恶巫师,50600,0.9,1,0.4,,,,,1150,,
2023003,沙虫,53300,2,1,0.4,,,,,,,1470
2024001,圣殿骑士,51600,1,1,0.4,,,51622,51621,1000,,
2024002,黑巫使徒,50600,1,1,0.4,,,,,1150,,
2024003,镰刀死神,51500,1.5,1,0.4,,,,,1350,,
2025001,守墓者,51100,1,1,0.4,,,,,1000,,
2025002,亡灵,51200,1,1,0.4,,,,,,,
2025003,阿伽门农,51600,1.5,1,0.4,,,,,1330,,
2025004,魔化阿伽门农,51600,1.5,1,0.4,,,,,1330,,
2013101,远征军守卫,52500,1,1,0.4,,,,,1050,,
2013102,黑巫使徒,50600,1,1,0.4,,,,,1150,,
2013103,亡灵,51200,1.5,1,0.4,,,,51211,,,
2014101,希腊勇者,50700,1,1,0.4,,,50712,50711,1250,,
2014102,黑巫使徒,50600,1,1,0.4,,,,,1150,,
2014103,帝王蛛,53000,2,1,0.4,,,,,,,
2015101,狼人,50800,0.7,1,0.4,,,,,,,
2015102,邪恶巫师,50600,0.9,1,0.4,,,,,1150,,
2015103,远征军队长,50900,1.8,0.556,0.4,,,,,1200,,
2016101,哥布林剑士,52400,1.3,0.769,0.4,,,,,1000,,
2016102,炸弹哥布林,52300,1.3,0.769,0.4,,,,,1460,,
2016103,芬里尔狼,50800,1.2,1,0.4,,,,,,,
2017101,帝王蛛,53000,1,1,0.4,,,,,,,
2017102,黑巫使徒,50600,1,1,0.4,,,,,1150,,
2017103,斯琳娜公主,51300,1.5,1,0.4,,,,,1150,,
2018101,守墓者,51100,1,1,0.4,,,,,1000,,
2018102,邪恶巫师,50600,0.9,1,0.4,,,,,1150,,
2018103,阿喀琉斯,51000,1.5,1,0.4,,,,,1320,1310,
2019101,狼人,50800,0.7,1,0.4,,,,,,,
2019102,哥布林,52400,1.3,0.769,0.4,,,,,11090,,
2019103,黑巫族长,51500,1.5,1,0.4,,,,,1150,,
2020101,守墓者,51100,1,1,0.4,,,,,1000,,
2020102,黑巫使徒,50600,1,1,0.4,,,,,1150,,
2020103,丧尸傀儡,53100,1.2,1,0.4,,,,,,,
2021101,希腊勇者,50700,1,1,0.4,,,50712,50711,1250,,
2021102,邪恶巫师,50600,0.9,1,0.4,,,,,1150,,
2021103,帕特洛克罗斯,51100,1.5,1,0.4,,,,51111,1000,,
2022101,远征军守卫,52500,1,1,0.4,,,,,1050,,
2022102,炸弹哥布林,52300,1.3,0.769,0.4,,,,,1460,,
2022103,邪恶巫师头领,50600,1.2,0.833,0.4,,,,,1150,,
2023101,远征军守卫,52500,1,1,0.4,,,,,1050,,
2023102,邪恶巫师,50600,0.9,1,0.4,,,,,1150,,
2023103,沙虫,53300,2,1,0.4,,,,,,,1470
2024101,圣殿骑士,51600,1,1,0.4,,,51622,51621,1000,,
2024102,黑巫使徒,50600,1,1,0.4,,,,,1150,,
2024103,镰刀死神,51500,1.5,1,0.4,,,,,1350,,
2025101,守墓者,51100,1,1,0.4,,,,,1000,,
2025102,亡灵,51200,1,1,0.4,,,,,,,
2025103,阿伽门农,51600,1.5,1,0.4,,,,,1330,,
2025104,魔化阿伽门农,51600,1.5,1,0.4,,,,,1330,,
2013201,远征军守卫,52500,1,1,0.4,,,,,1050,,
2013202,黑巫使徒,50600,1,1,0.4,,,,,1150,,
2013203,亡灵,51200,1.5,1,0.4,,,,51211,,,
2014201,希腊勇者,50700,1,1,0.4,,,50712,50711,1250,,
2014202,黑巫使徒,50600,1,1,0.4,,,,,1150,,
2014203,帝王蛛,53000,2,1,0.4,,,,,,,
2015201,狼人,50800,0.7,1,0.4,,,,,,,
2015202,邪恶巫师,50600,0.9,1,0.4,,,,,1150,,
2015203,远征军队长,50900,1.8,0.556,0.4,,,,,1200,,
2016201,哥布林剑士,52400,1.3,0.769,0.4,,,,,1000,,
2016202,炸弹哥布林,52300,1.3,0.769,0.4,,,,,1460,,
2016203,芬里尔狼,50800,1.2,1,0.4,,,,,,,
2017201,帝王蛛,53000,1,1,0.4,,,,,,,
2017202,黑巫使徒,50600,1,1,0.4,,,,,1150,,
2017203,斯琳娜公主,51300,1.5,1,0.4,,,,,1150,,
2018201,守墓者,51100,1,1,0.4,,,,,1000,,
2018202,邪恶巫师,50600,0.9,1,0.4,,,,,1150,,
2018203,阿喀琉斯,51000,1.5,1,0.4,,,,,1320,1310,
2019201,狼人,50800,0.7,1,0.4,,,,,,,
2019202,哥布林,52400,1.3,0.769,0.4,,,,,11090,,
2019203,黑巫族长,51500,1.5,1,0.4,,,,,1150,,
2020201,守墓者,51100,1,1,0.4,,,,,1000,,
2020202,黑巫使徒,50600,1,1,0.4,,,,,1150,,
2020203,丧尸傀儡,53100,1.2,1,0.4,,,,,,,
2021201,希腊勇者,50700,1,1,0.4,,,50712,50711,1250,,
2021202,邪恶巫师,50600,0.9,1,0.4,,,,,1150,,
2021203,帕特洛克罗斯,51100,1.5,1,0.4,,,,51111,1000,,
2022201,远征军守卫,52500,1,1,0.4,,,,,1050,,
2022202,炸弹哥布林,52300,1.3,0.769,0.4,,,,,1460,,
2022203,邪恶巫师头领,50600,1.2,0.833,0.4,,,,,1150,,
2023201,远征军守卫,52500,1,1,0.4,,,,,1050,,
2023202,邪恶巫师,50600,0.9,1,0.4,,,,,1150,,
2023203,沙虫,53300,2,1,0.4,,,,,,,1470
2024201,圣殿骑士,51600,1,1,0.4,,,51622,51621,1000,,
2024202,黑巫使徒,50600,1,1,0.4,,,,,1150,,
2024203,镰刀死神,51500,1.5,1,0.4,,,,,1350,,
2025201,守墓者,51100,1,1,0.4,,,,,1000,,
2025202,亡灵,51200,1,1,0.4,,,,,,,
2025203,阿伽门农,51600,1.5,1,0.4,,,,,1330,,
2025204,魔化阿伽门农,51600,1.5,1,0.4,,,,,1330,,
3001001,强盗,50700,1,1,0.4,,,50712,50711,1250,,
3001002,邪恶巫师,50600,0.9,1,0.4,,,,,1150,,
3001003,亡灵,51200,1.5,1,0.4,,,,51211,,,
3002001,卫兵,52500,1,1,0.4,,,,,1050,,
3002002,黑巫使徒,50600,1,1,0.4,,,,,1150,,
3002003,远征军队长,50900,1.8,0.556,0.4,,,,,1200,,
3003001,卫兵,52500,1,1,0.4,,,,,1050,,
3003002,亡灵,51200,1,1,0.4,,,,,,,
3003003,冰魔,50500,1.5,1,0.4,,,,50521,,,
3004001,狼人,50800,0.7,1,0.4,,,,,,,
3004002,亡灵,51200,1,1,0.4,,,,,,,
3004003,炎魔,50500,1.5,0.666,0.4,,,,,,,
3005001,卫兵,52500,1,1,0.4,,,,,1050,,
3005002,黑巫使徒,50600,1,1,0.4,,,,,1150,,
3005003,阿喀琉斯,51000,1.5,1,0.4,,,,,1320,1310,
3006001,龙人,51900,1,1,0.4,,,,,,,
3006002,炸弹哥布林,52300,1.3,0.769,0.4,,,,,1460,,
3006003,黑巫族长,51500,1.5,1,0.4,,,,,1150,,
3007001,卫兵,52500,1,1,0.4,,,,,1050,,
3007002,邪恶巫师,50600,0.9,1,0.4,,,,,1150,,
3007003,沙虫,53300,2,1,0.4,,,,,,,1470
3008001,强盗,50700,1,1,0.4,,,50712,50711,1250,,
3008002,亡灵,51200,1,1,0.4,,,,,,,
3008003,蝎子,53200,1.5,0.667,0.4,,,,,,,
3009001,龙人,51900,1,1,0.4,,,,,,,
3009002,冰魔,50500,1,1,0.4,,,,50521,,,
3009003,丧尸傀儡,53100,1.2,1,0.4,,,,,,,
3010001,帝王蛛,53000,1,1,0.4,,,,,,,
3010002,炸弹哥布林,52300,1.3,0.769,0.4,,,,,1460,,
3010003,帕特罗克罗斯,51100,1.5,1,0.4,,,,51111,1000,,
3011001,黑巫使徒,50600,1,1,0.4,,,,,1150,,
3011002,游侠,51100,1,1,0.4,,,,,1000,,
3011003,美狄亚,52000,1.5,0.666,0.4,,,,,1160,,
3011004,魔化美狄亚,52000,1.5,0.666,0.4,,,,,1160,,
3001101,强盗,50700,1,1,0.4,,,50712,50711,1250,,
3001102,邪恶巫师,50600,0.9,1,0.4,,,,,1150,,
3001103,亡灵,51200,1.5,1,0.4,,,,51211,,,
3002101,卫兵,52500,1,1,0.4,,,,,1050,,
3002102,黑巫使徒,50600,1,1,0.4,,,,,1150,,
3002103,远征军队长,50900,1.8,0.556,0.4,,,,,1200,,
3003101,卫兵,52500,1,1,0.4,,,,,1050,,
3003102,亡灵,51200,1,1,0.4,,,,,,,
3003103,冰魔,50500,1.5,1,0.4,,,,50521,,,
3004101,狼人,50800,0.7,1,0.4,,,,,,,
3004102,亡灵,51200,1,1,0.4,,,,,,,
3004103,炎魔,50500,1.5,0.666,0.4,,,,,,,
3005101,卫兵,52500,1,1,0.4,,,,,1050,,
3005102,黑巫使徒,50600,1,1,0.4,,,,,1150,,
3005103,阿喀琉斯,51000,1.5,1,0.4,,,,,1320,1310,
3006101,龙人,51900,1,1,0.4,,,,,,,
3006102,炸弹哥布林,52300,1.3,0.769,0.4,,,,,1460,,
3006103,黑巫族长,51500,1.5,1,0.4,,,,,1150,,
3007101,卫兵,52500,1,1,0.4,,,,,1050,,
3007102,邪恶巫师,50600,0.9,1,0.4,,,,,1150,,
3007103,沙虫,53300,2,1,0.4,,,,,,,1470
3008101,强盗,50700,1,1,0.4,,,50712,50711,1250,,
3008102,亡灵,51200,1,1,0.4,,,,,,,
3008103,蝎子,53200,1.5,0.667,0.4,,,,,,,
3009101,龙人,51900,1,1,0.4,,,,,,,
3009102,冰魔,50500,1,1,0.4,,,,50521,,,
3009103,丧尸傀儡,53100,1.2,1,0.4,,,,,,,
3010101,帝王蛛,53000,1,1,0.4,,,,,,,
3010102,炸弹哥布林,52300,1.3,0.769,0.4,,,,,1460,,
3010103,帕特罗克罗斯,51100,1.5,1,0.4,,,,51111,1000,,
3011101,黑巫使徒,50600,1,1,0.4,,,,,1150,,
3011102,游侠,51100,1,1,0.4,,,,,1000,,
3011103,美狄亚,52000,1.5,0.666,0.4,,,,,1160,,
3011104,魔化美狄亚,52000,1.5,0.666,0.4,,,,,1160,,
3001201,强盗,50700,1,1,0.4,,,50712,50711,1250,,
3001202,邪恶巫师,50600,0.9,1,0.4,,,,,1150,,
3001203,亡灵,51200,1.5,1,0.4,,,,51211,,,
3002201,卫兵,52500,1,1,0.4,,,,,1050,,
3002202,黑巫使徒,50600,1,1,0.4,,,,,1150,,
3002203,远征军队长,50900,1.8,0.556,0.4,,,,,1200,,
3003201,卫兵,52500,1,1,0.4,,,,,1050,,
3003202,亡灵,51200,1,1,0.4,,,,,,,
3003203,冰魔,50500,1.5,1,0.4,,,,50521,,,
3004201,狼人,50800,0.7,1,0.4,,,,,,,
3004202,亡灵,51200,1,1,0.4,,,,,,,
3004203,炎魔,50500,1.5,0.666,0.4,,,,,,,
3005201,卫兵,52500,1,1,0.4,,,,,1050,,
3005202,黑巫使徒,50600,1,1,0.4,,,,,1150,,
3005203,阿喀琉斯,51000,1.5,1,0.4,,,,,1320,1310,
3006201,龙人,51900,1,1,0.4,,,,,,,
3006202,炸弹哥布林,52300,1.3,0.769,0.4,,,,,1460,,
3006203,黑巫族长,51500,1.5,1,0.4,,,,,1150,,
3007201,卫兵,52500,1,1,0.4,,,,,1050,,
3007202,邪恶巫师,50600,0.9,1,0.4,,,,,1150,,
3007203,沙虫,53300,2,1,0.4,,,,,,,1470
3008201,强盗,50700,1,1,0.4,,,50712,50711,1250,,
3008202,亡灵,51200,1,1,0.4,,,,,,,
3008203,蝎子,53200,1.5,0.667,0.4,,,,,,,
3009201,龙人,51900,1,1,0.4,,,,,,,
3009202,冰魔,50500,1,1,0.4,,,,50521,,,
3009203,丧尸傀儡,53100,1.2,1,0.4,,,,,,,
3010201,帝王蛛,53000,1,1,0.4,,,,,,,
3010202,炸弹哥布林,52300,1.3,0.769,0.4,,,,,1460,,
3010203,帕特罗克罗斯,51100,1.5,1,0.4,,,,51111,1000,,
3011201,黑巫使徒,50600,1,1,0.4,,,,,1150,,
3011202,游侠,51100,1,1,0.4,,,,,1000,,
3011203,美狄亚,52000,1.5,0.666,0.4,,,,,1160,,
3011204,魔化美狄亚,52000,1.5,0.666,0.4,,,,,1160,,
3012001,龙人,51900,1,1,0.4,,,,,,,
3012002,亡灵,51200,1,1,0.4,,,,,,,
3012003,炎魔,50500,1.5,0.666,0.4,,,,,,,
3013001,龙人,51900,1,1,0.4,,,,,,,
3013002,炸弹哥布林,52300,1.3,0.769,0.4,,,,,1460,,
3013003,熔岩蛛,53000,2,1,0.4,,,,53021,,,
3014001,炎魔,50500,1,1,0.4,,,,,,,
3014002,黑巫使徒,50600,1,1,0.4,,,,,1150,,
3014003,丧尸英雄王,51800,1,1.5,0.4,,,,,1440,1450,
3015001,游侠,51100,1,1,0.4,,,,,1000,,
3015002,帝王蛛,53000,1,1,0.4,,,,,,,
3015003,魔化克瑞丝,51100,1.5,1,0.4,,,,51111,1000,,
3016001,魔殿骑士,51600,1,1,0.4,,,51622,51621,1000,,
3016002,冰魔,50500,1,1,0.4,,,,50521,,,
3016003,将军,51400,1.5,1,0.4,,,,,1070,,
3017001,龙人,51900,0.75,1,0.4,,,,,,,
3017002,冰魔,50500,1,1,0.4,,,,50521,,,
3017003,阿伽门农,51600,1.5,1,0.4,,,,,1330,,
3018001,卫兵,52500,1,1,0.4,,,,,1050,,
3018002,炸弹哥布林,52300,1.3,0.769,0.4,,,,,1460,,
3018003,紫魔蛛,53000,2,1,0.4,,,,53011,,,
3019001,游侠,51100,1,1,0.4,,,,,1000,,
3019002,邪恶巫师,50600,0.9,1,0.4,,,,,1150,,
3019003,芬里尔狼,50800,1.5,1,0.4,,,,50811,,,
3020001,强盗,50700,1,1,0.4,,,50712,50711,1250,,
3020002,帝王蛛,53000,1,1,0.4,,,,,,,
3020003,炽火龙,52800,1,3,0.4,,,,,,,
3021001,魔蛛,53000,1,1,0.4,,,,53011,,,
3021002,亡灵,51200,1,1,0.4,,,,,,,
3021003,帕特洛克罗斯,51100,1.5,1,0.4,,,,51111,1000,,
3022001,龙人,51900,0.75,1,0.4,,,,,,,
3022002,魔殿骑士,51600,1,1,0.4,,,51622,51621,1000,,
3022003,黑巫族长,51500,1.5,1,0.4,,,,,1150,,
3023001,炎魔,50500,1,1,0.4,,,,,,,
3023002,熔岩蛛,53000,1,1,0.4,,,,53021,,,
3023003,海伦,51300,1.5,1,0.35,,,51312,51311,1410,,
3023004,魔化海伦,51300,1.5,1,0.35,,,51312,51311,1410,,
3012101,龙人,51900,0.75,1,0.4,,,,,,,
3012102,亡灵,51200,1,1,0.4,,,,,,,
3012103,炎魔,50500,1.5,0.666,0.4,,,,,,,
3013101,龙人,51900,0.75,1,0.4,,,,,,,
3013102,炸弹哥布林,52300,1.3,0.769,0.4,,,,,1460,,
3013103,熔岩蛛,53000,2,1,0.4,,,,53021,,,
3014101,炎魔,50500,1,1,0.4,,,,,,,
3014102,黑巫使徒,50600,1,1,0.4,,,,,1150,,
3014103,丧尸英雄王,51800,1,1.5,0.4,,,,,1440,1450,
3015101,游侠,51100,1,1,0.4,,,,,1000,,
3015102,帝王蛛,53000,1,1,0.4,,,,,,,
3015103,魔化克瑞丝,51100,1.5,1,0.4,,,,51111,1000,,
3016101,魔殿骑士,51600,1,1,0.4,,,51622,51621,1000,,
3016102,冰魔,50500,1,1,0.4,,,,50521,,,
3016103,将军,51400,1.5,1,0.4,,,,,1070,,
3017101,龙人,51900,0.75,1,0.4,,,,,,,
3017102,冰魔,50500,1,1,0.4,,,,50521,,,
3017103,阿伽门农,51600,1.5,1,0.4,,,,,1330,,
3018101,卫兵,52500,1,1,0.4,,,,,1050,,
3018102,炸弹哥布林,52300,1.3,0.769,0.4,,,,,1460,,
3018103,紫魔蛛,53000,2,1,0.4,,,,53011,,,
3019101,游侠,51100,1,1,0.4,,,,,1000,,
3019102,邪恶巫师,50600,0.9,1,0.4,,,,,1150,,
3019103,芬里尔狼,50800,1.5,1,0.4,,,,50811,,,
3020101,强盗,50700,1,1,0.4,,,50712,50711,1250,,
3020102,帝王蛛,53000,1,1,0.4,,,,,,,
3020103,炽火龙,52800,1,3,0.4,,,,,,,
3021101,魔蛛,53000,1,1,0.4,,,,53011,,,
3021102,亡灵,51200,1,1,0.4,,,,,,,
3021103,帕特洛克罗斯,51100,1.5,1,0.4,,,,51111,1000,,
3022101,龙人,51900,0.75,1,0.4,,,,,,,
3022102,魔殿骑士,51600,1,1,0.4,,,51622,51621,1000,,
3022103,黑巫族长,51500,1.5,1,0.4,,,,,1150,,
3023101,炎魔,50500,1,1,0.4,,,,,,,
3023102,熔岩蛛,53000,1,1,0.4,,,,53021,,,
3023103,海伦,51300,1.5,1,0.35,,,51312,51311,1410,,
3023104,魔化海伦,51300,1.5,1,0.35,,,51312,51311,1410,,
3012201,龙人,51900,0.75,1,0.4,,,,,,,
3012202,亡灵,51200,1,1,0.4,,,,,,,
3012203,炎魔,50500,1.5,0.666,0.4,,,,,,,
3013201,龙人,51900,0.75,1,0.4,,,,,,,
3013202,炸弹哥布林,52300,1.3,0.769,0.4,,,,,1460,,
3013203,熔岩蛛,53000,2,1,0.4,,,,53021,,,
3014201,炎魔,50500,1,1,0.4,,,,,,,
3014202,黑巫使徒,50600,1,1,0.4,,,,,1150,,
3014203,丧尸英雄王,51800,1,1.5,0.4,,,,,1440,1450,
3015201,游侠,51100,1,1,0.4,,,,,1000,,
3015202,帝王蛛,53000,1,1,0.4,,,,,,,
3015203,魔化克瑞丝,51100,1.5,1,0.4,,,,51111,1000,,
3016201,魔殿骑士,51600,1,1,0.4,,,51622,51621,1000,,
3016202,冰魔,50500,1,1,0.4,,,,50521,,,
3016203,将军,51400,1.5,1,0.4,,,,,1070,,
3017201,龙人,51900,0.75,1,0.4,,,,,,,
3017202,冰魔,50500,1,1,0.4,,,,50521,,,
3017203,阿伽门农,51600,1.5,1,0.4,,,,,1330,,
3018201,卫兵,52500,1,1,0.4,,,,,1050,,
3018202,炸弹哥布林,52300,1.3,0.769,0.4,,,,,1460,,
3018203,紫魔蛛,53000,2,1,0.4,,,,53011,,,
3019201,游侠,51100,1,1,0.4,,,,,1000,,
3019202,邪恶巫师,50600,0.9,1,0.4,,,,,1150,,
3019203,芬里尔狼,50800,1.5,1,0.4,,,,50811,,,
3020201,强盗,50700,1,1,0.4,,,50712,50711,1250,,
3020202,帝王蛛,53000,1,1,0.4,,,,,,,
3020203,炽火龙,52800,1,3,0.4,,,,,,,
3021201,魔蛛,53000,1,1,0.4,,,,53011,,,
3021202,亡灵,51200,1,1,0.4,,,,,,,
3021203,帕特洛克罗斯,51100,1.5,1,0.4,,,,51111,1000,,
3022201,龙人,51900,0.75,1,0.4,,,,,,,
3022202,魔殿骑士,51600,1,1,0.4,,,51622,51621,1000,,
3022203,黑巫族长,51500,1.5,1,0.4,,,,,1150,,
3023201,炎魔,50500,1,1,0.4,,,,,,,
3023202,熔岩蛛,53000,1,1,0.4,,,,53021,,,
3023203,海伦,51300,1.5,1,0.35,,,51312,51311,1410,,
3023204,魔化海伦,51300,1.5,1,0.35,,,51312,51311,1410,,
4001001,魔殿骑士,51600,1,1,0.4,,,51622,51621,1000,,
4001002,邪恶巫师,50600,0.9,1,0.4,,,,,1150,,
4001003,炎魔,50500,1.5,0.666,0.4,,,,,,,
4002001,游侠,51100,1,1,0.4,,,,,1000,,
4002002,冰魔,50500,1,1,0.4,,,,50521,,,
4002003,斯琳娜公主,51300,1.5,1,0.4,,,,,1150,,
4003001,强盗,50700,1,1,0.4,,,50712,50711,1250,,
4003002,亡灵,51200,1,1,0.4,,,,,,,
4003003,鱼怪,53400,1.5,1,0.4,,,,,1530,,
4004001,卫兵,52500,1,1,0.4,,,,,1050,,
4004002,炸弹哥布林,52300,1.3,0.769,0.4,,,,,1460,,
4004003,炎魔,50500,1.5,0.666,0.4,,,,,,,
4005001,炎魔,50500,1,1,0.4,,,,,,,
4005002,黑巫使徒,50600,1,1,0.4,,,,,1150,,
4005003,冰魔,50500,1.5,1,0.4,,,,50521,,,
4006001,魔殿骑士,51600,1,1,0.4,,,51622,51621,1000,,
4006002,亡灵,51200,1,1,0.4,,,,,,,
4006003,路西法,52900,1.3,0.769,0.4,,,,,,,
4007001,卫兵,52500,1,1,0.4,,,,,1050,,
4007002,炸弹哥布林,52300,1.3,0.769,0.4,,,,,1460,,
4007003,希腊勇者,50700,1.5,0.666,0.4,,,,,1250,,
4008001,游侠,51100,1,1,0.4,,,,,1000,,
4008002,亡灵,51200,1,1,0.4,,,,,,,
4008003,冰魔,50500,1.5,1,0.4,,,,50521,,,
4009001,魔殿骑士,51600,1,1,0.4,,,51622,51621,1000,,
4009002,炸弹哥布林,52300,1.3,0.769,0.4,,,,,1460,,
4009003,阿伽门农,51600,1.5,1,0.4,,,,,1330,,
4010001,强盗,50700,1,1,0.4,,,50712,50711,1250,,
4010002,炸弹哥布林,52300,1.3,0.769,0.4,,,,,1460,,
4010003,斯琳娜公主,51300,1.5,1,0.4,,,,,1150,,
4011001,炎魔,50500,1,1,0.4,,,,,,,
4011002,冰魔,50500,1,1,0.4,,,,50521,,,
4011003,炽火龙,52800,1,3,0.4,,,,,,,
4012001,卫兵,52500,1,1,0.4,,,,,1050,,
4012002,亡灵,51200,1,1,0.4,,,,,,,
4012003,美杜莎,53500,1.5,0.666,0.4,,,,,,,
4001101,魔殿骑士,51600,1,1,0.4,,,51622,51621,1000,,
4001102,邪恶巫师,50600,0.9,1,0.4,,,,,1150,,
4001103,炎魔,50500,1.5,0.666,0.4,,,,,,,
4002101,游侠,51100,1,1,0.4,,,,,1000,,
4002102,冰魔,50500,1,1,0.4,,,,50521,,,
4002103,斯琳娜公主,51300,1.5,1,0.4,,,,,1150,,
4003101,强盗,50700,1,1,0.4,,,50712,50711,1250,,
4003102,亡灵,51200,1,1,0.4,,,,,,,
4003103,鱼怪,53400,1.5,1,0.4,,,,,1530,,
4004101,卫兵,52500,1,1,0.4,,,,,1050,,
4004102,炸弹哥布林,52300,1.3,0.769,0.4,,,,,1460,,
4004103,炎魔,50500,1.5,0.666,0.4,,,,,,,
4005101,炎魔,50500,1,1,0.4,,,,,,,
4005102,黑巫使徒,50600,1,1,0.4,,,,,1150,,
4005103,冰魔,50500,1.5,1,0.4,,,,50521,,,
4006101,魔殿骑士,51600,1,1,0.4,,,51622,51621,1000,,
4006102,亡灵,51200,1,1,0.4,,,,,,,
4006103,路西法,52900,1.3,0.769,0.4,,,,,,,
4007101,卫兵,52500,1,1,0.4,,,,,1050,,
4007102,炸弹哥布林,52300,1.3,0.769,0.4,,,,,1460,,
4007103,希腊勇者,50700,1.5,0.666,0.4,,,,,1250,,
4008101,游侠,51100,1,1,0.4,,,,,1000,,
4008102,亡灵,51200,1,1,0.4,,,,,,,
4008103,冰魔,50500,1.5,1,0.4,,,,50521,,,
4009101,魔殿骑士,51600,1,1,0.4,,,51622,51621,1000,,
4009102,炸弹哥布林,52300,1.3,0.769,0.4,,,,,1460,,
4009103,阿伽门农,51600,1.5,1,0.4,,,,,1330,,
4010101,强盗,50700,1,1,0.4,,,50712,50711,1250,,
4010102,炸弹哥布林,52300,1.3,0.769,0.4,,,,,1460,,
4010103,斯琳娜公主,51300,1.5,1,0.4,,,,,1150,,
4011101,炎魔,50500,1,1,0.4,,,,,,,
4011102,冰魔,50500,1,1,0.4,,,,50521,,,
4011103,炽火龙,52800,1,3,0.4,,,,,,,
4012101,卫兵,52500,1,1,0.4,,,,,1050,,
4012102,亡灵,51200,1,1,0.4,,,,,,,
4012103,美杜莎,53500,1.5,0.666,0.4,,,,,,,
4001201,魔殿骑士,51600,1,1,0.4,,,51622,51621,1000,,
4001202,邪恶巫师,50600,0.9,1,0.4,,,,,1150,,
4001203,炎魔,50500,1.5,0.666,0.4,,,,,,,
4002201,游侠,51100,1,1,0.4,,,,,1000,,
4002202,冰魔,50500,1,1,0.4,,,,50521,,,
4002203,斯琳娜公主,51300,1.5,1,0.4,,,,,1150,,
4003201,强盗,50700,1,1,0.4,,,50712,50711,1250,,
4003202,亡灵,51200,1,1,0.4,,,,,,,
4003203,鱼怪,53400,1.5,1,0.4,,,,,1530,,
4004201,卫兵,52500,1,1,0.4,,,,,1050,,
4004202,炸弹哥布林,52300,1.3,0.769,0.4,,,,,1460,,
4004203,炎魔,50500,1.5,0.666,0.4,,,,,,,
4005201,炎魔,50500,1,1,0.4,,,,,,,
4005202,黑巫使徒,50600,1,1,0.4,,,,,1150,,
4005203,冰魔,50500,1.5,1,0.4,,,,50521,,,
4006201,魔殿骑士,51600,1,1,0.4,,,51622,51621,1000,,
4006202,亡灵,51200,1,1,0.4,,,,,,,
4006203,路西法,52900,1.3,0.769,0.4,,,,,,,
4007201,卫兵,52500,1,1,0.4,,,,,1050,,
4007202,炸弹哥布林,52300,1.3,0.769,0.4,,,,,1460,,
4007203,希腊勇者,50700,1.5,0.666,0.4,,,,,1250,,
4008201,游侠,51100,1,1,0.4,,,,,1000,,
4008202,亡灵,51200,1,1,0.4,,,,,,,
4008203,冰魔,50500,1.5,1,0.4,,,,50521,,,
4009201,魔殿骑士,51600,1,1,0.4,,,51622,51621,1000,,
4009202,炸弹哥布林,52300,1.3,0.769,0.4,,,,,1460,,
4009203,阿伽门农,51600,1.5,1,0.4,,,,,1330,,
4010201,强盗,50700,1,1,0.4,,,50712,50711,1250,,
4010202,炸弹哥布林,52300,1.3,0.769,0.4,,,,,1460,,
4010203,斯琳娜公主,51300,1.5,1,0.4,,,,,1150,,
4011201,炎魔,50500,1,1,0.4,,,,,,,
4011202,冰魔,50500,1,1,0.4,,,,50521,,,
4011203,炽火龙,52800,1,3,0.4,,,,,,,
4012201,卫兵,52500,1,1,0.4,,,,,1050,,
4012202,亡灵,51200,1,1,0.4,,,,,,,
4012203,美杜莎,53500,1.5,0.666,0.4,,,,,,,
50001001,狼人,50800,0.7,1,0.4,,,,,,,
50001002,哥布林剑士,52400,1.3,0.769,0.4,,,,,1000,,
50001003,邪恶巫师,50600,0.9,1,0.4,,,,,1150,,
50001004,邪恶英灵,51200,1,1,0.4,,,,,,,
50001005,狼人头领,50800,1.2,1,0.4,,,,,,,
50001006,邪恶巫师,50600,1.2,0.833,0.4,,,,,1150,,
50001007,芬里尔狼,50800,1.5,1,0.4,,,,50811,,,
50001008,魔化芬里尔狼,50800,1.5,1,0.4,,,,50811,,,
50002001,亡灵,51200,1,1,0.4,,,,,,,
50002002,丧尸傀儡,52500,1,1,0.4,,,,,1050,,
50002003,远征军守卫,52500,1,1,0.4,,,,,1050,,
50002004,远征军队长,50900,1.8,0.556,0.4,,,,,1200,,
50002005,阿喀琉斯,51000,1.5,1,0.4,,,,,1320,1310,
50002006,斯琳娜公主,51300,1.5,1,0.4,,,,,1150,,
50002007,死灵骑士,51600,1,1,0.4,,,51632,51631,1000,,
50002008,丧尸英雄王,51800,1,1.5,0.4,,,,,1440,1450,
50002009,魔化丧尸英雄王,51400,1.5,1,0.4,,,,,1070,,
50003001,远征军守卫,52500,1,1,0.4,,,,,1050,,
50003002,黑巫使徒,50600,1,1,0.4,,,,,1150,,
50003003,希腊勇者,50700,1,1,0.4,,,50712,50711,1250,,
50003004,炸弹哥布林,52300,1.3,0.769,0.4,,,,,1460,,
50003005,帝王蛛,53000,2,1,0.4,,,,,,,
50003006,丧尸傀儡,53100,1.2,1,0.4,,,,,,,
50003007,蝎子,53200,1.5,0.667,0.4,,,,,,,
50003008,沙虫,53300,2,1,0.4,,,,,,,1470
50003009,魔蛛,53000,2,1,0.4,,,,53011,,,
50003010,魔化的魔蛛,53000,2,1,0.4,,,,53011,,,
50004001,守墓者,51100,1,1,0.4,,,,,1000,,
50004002,亡灵,51200,1,1,0.4,,,,,,,
50004003,黑巫使徒,50600,1,1,0.4,,,,,1150,,
50004004,黑巫族长,50600,1.5,0.667,0.4,,,,,1150,,
50004005,芬里尔狼,50800,1.5,1,0.4,,,,50811,,,
50004006,帕特洛克罗斯,51100,1.5,1,0.4,,,,51111,1000,,
50004007,镰刀死神,51500,1,1,0.4,,,,,1350,,
50004008,阿伽门农,51600,1.5,1,0.4,,,,,1330,,
50004009,魔化阿伽门农,51600,1.5,1,0.4,,,,,1330,,
50005001,游侠,51100,1,1,0.4,,,,,1000,,
50005002,冰魔,50500,1,1,0.4,,,,50521,,,
50005003,守墓者,51100,1,1,0.4,,,,,1000,,
50005004,亡灵,51200,1,1,0.4,,,,,,,
50005005,炎魔,50500,1.5,0.666,0.4,,,,,,,
50005006,镰刀死神,51500,1,1,0.4,,,,,1350,,
50005007,丧尸傀儡,53100,1.2,1,0.4,,,,,,,
50005008,阿喀琉斯,51000,1.5,1,0.4,,,,,1320,1310,
50005009,美狄亚,52000,1.5,0.666,0.4,,,,,1160,,
50005010,魔化美狄亚,52000,1.5,0.666,0.4,,,,,1160,,
50006001,炎魔,50500,1,1,0.4,,,,,,,
50006002,黑巫使徒,50600,1,1,0.4,,,,,1150,,
50006003,熔岩蛛,53000,1,1,0.4,,,,53021,,,
50006004,邪恶巫师,50600,0.9,1,0.4,,,,,1150,,
50006005,魔化克瑞丝,51100,1.5,1,0.4,,,,51111,1000,,
50006006,远征军队长,50900,1.8,0.556,0.4,,,,,1200,,
50006007,将军,51400,1.5,1,0.4,,,,,1070,,
50006008,炽火龙,52800,1,3,0.4,,,,,,,
50006009,海伦,51300,1.5,1,0.35,,,51312,51311,1410,,
50006010,海伦,51300,1.5,1,0.35,,,51312,51311,1410,,
70001001,亡灵,51200,1,1,0.4,,,,51211,,,
70002001,芬里尔狼,50800,1.5,1,0.34,,,,50811,,,
70003001,丧尸英雄王,51800,1,1.5,0.34,,,,,1440,1450,
70004001,蜘蛛,53000,2,1,0.25,,,,53021,,,
70005001,游侠,51100,1.5,1,0.4,,,,51111,1000,,
70006001,阿伽门农,51600,1.5,1,0.4,,,,,1330,,
70007001,阿喀琉斯,51000,1.5,1,0.4,,,,,1320,1310,
70008001,斯琳娜公主,51300,1.5,1,0.3,,,,,1150,,
70009001,美狄亚,52000,1.5,1,0.4,,,,,1160,,
70010001,海伦,51300,1.5,1,0.35,,,51312,51311,1410,,
70011001,暗黑雅典娜,51700,1.5,1,0.4,,,51712,51711,1431,1421,
70012001,镰刀死神,51500,1.5,0.667,0.33,,,,,1350,,
80001001,狼人,50800,0.7,1,0.5,,,,,,,
80001002,狼人头领,50800,1.2,1,0.4,,,,,,,
80002001,远征军守卫,52500,1,1,0.5,,,,,1050,,
80002002,阿喀琉斯,51000,1.5,1,0.38,,,,,1320,1310,
80003001,哥布林,52400,1.3,0.769,0.4,,,,,11090,,
80003002,死灵骑士,51600,1,1,0.5,,,51632,51631,1000,,
80004001,希腊勇者,50700,1,1,0.5,,,50712,50711,1250,,
80004002,斯琳娜公主,51300,1.5,1,0.33,,,,,1150,,
80011001,远征军守卫,52500,1,1,0.45,,,,,1050,,
80011002,阿喀琉斯,51000,1.5,1,0.38,,,,,1320,1310,
80012001,希腊勇者,50700,1,1,0.5,,,50712,50711,1250,,
80012002,斯琳娜公主,51300,1.5,1,0.33,,,,,1150,,
80013001,帝王蛛,53000,1,1,0.4,,,,,,,
80013002,蝎子,53200,1.5,0.667,0.3,,,,,,,
80014001,守墓者,51100,1,1,0.5,,,,,1000,,
80014002,沙虫,53300,2,1,0.3,,,,,,,1470
80021001,帝王蛛,53000,1,1,0.4,,,,,,,
80021002,蝎子,53200,1.5,0.667,0.3,,,,,,,
80022001,守墓者,51100,1,1,0.5,,,,,1000,,
80022002,沙虫,53300,2,1,0.3,,,,,,,1470
80023001,远征军守卫,52500,1,1,0.5,,,,,1050,,
80023002,帕特洛克罗斯,51100,1.5,1,0.33,,,,51111,1000,,
80024001,黑巫使徒,50600,1,1,0.5,,,,,1150,,
80024002,镰刀死神,51500,1.5,0.667,0.33,,,,,1350,,
80031001,远征军守卫,52500,1,1,0.45,,,,,1050,,
80031002,帕特洛克罗斯,51100,1.5,1,0.33,,,,51111,1000,,
80032001,黑巫使徒,50600,1,1,0.5,,,,,1150,,
80032002,镰刀死神,51500,1.5,0.667,0.33,,,,,1350,,
80033001,卫兵,52500,1,1,0.45,,,,,1050,,
80033002,冰魔,50500,1.5,1,0.3,,,,50521,,,
80034001,龙人,51900,0.75,1,0.37,,,,,,,
80034002,丧尸傀儡,53100,1.2,1,0.4,,,,,,,
80041001,卫兵,52500,1,1,0.5,,,,,1050,,
80041002,冰魔,50500,1.5,1,0.3,,,,50521,,,
80042001,龙人,51900,0.75,1,0.5,,,,,,,
80042002,丧尸傀儡,53100,1.2,1,0.4,,,,,,,
80043001,强盗,50700,1,1,0.4,,,50712,50711,1250,,
80043002,炎魔,50500,1.5,0.666,0.3,,,,,,,
80044001,魔殿骑士,51600,1,1,0.5,,,51622,51621,1000,,
80044002,将军,51400,1.5,1,0.4,,,,,1070,,
80051001,强盗,50700,1,1,0.4,,,50712,50711,1250,,
80051002,炎魔,50500,1.5,0.666,0.3,,,,,,,
80052001,魔殿骑士,51600,1,1,0.5,,,51622,51621,1000,,
80052002,将军,51400,1.5,1,0.4,,,,,1070,,
80053001,鱼怪,53400,1,1,0.4,,,,,,,
80053002,阿伽门农,51600,1.5,1,0.4,,,,,1330,,
80054001,游侠,51100,1,1,0.45,,,,,1000,,
80054002,丧尸英雄王,51800,1.5,1,0.34,,,,,1440,1450,
